{"mean": [0.8041699528694153, 0.028755255043506622, 0.08649756014347076, 0.0005064766737632453, -0.0008237484726123512, 0.00011294452997390181], "std": [0.41407322883605957, 0.3908727169036865, 0.3576742708683014, 0.40664738416671753, 0.3816712498664856, 0.25563177466392517]}